{"cameraMode":{"drawMode":0,"name":"Shaded","section":"Shading Mode"},"sceneLighting":true,"audioPlay":false,"sceneViewState":{"m_AlwaysRefresh":false,"showFog":true,"showSkybox":true,"showFlares":true,"showImageEffects":true,"showParticleSystems":true,"showVisualEffectGraphs":true,"m_FxEnabled":true},"in2DMode":false,"pivot":{"x":-0.9215441942214966,"y":0.8610456585884094,"z":6.818093299865723},"rotation":{"x":0.0024233169388026,"y":0.7412266135215759,"z":-0.6712670922279358,"w":0.0026621075812727215},"size":0.012107647024095059,"orthographic":false}