{"cameraMode":{"drawMode":0,"name":"Shaded","section":"Shading Mode"},"sceneLighting":false,"audioPlay":false,"sceneViewState":{"m_AlwaysRefresh":false,"showFog":true,"showSkybox":false,"showFlares":true,"showImageEffects":true,"showParticleSystems":true,"showVisualEffectGraphs":true,"m_FxEnabled":true},"in2DMode":false,"pivot":{"x":2.0151450634002687,"y":0.009999831207096577,"z":1.2423267364501954},"rotation":{"x":0.25138524174690249,"y":-0.19381505250930787,"z":0.051455143839120868,"w":0.9468857645988464},"size":0.7071067690849304,"orthographic":false}